"","time","val"
"1",2010.91666666667,1028.77010277778
"2",2011,1033.72655763889
"3",2011.08333333333,844.989132638889
"4",2011.16666666667,868.902665972222
"5",2011.25,703.171707638889
"6",2011.33333333333,729.240174305555
"7",2011.41666666667,606.743982638888
"8",2011.5,485.097315972222
"9",2011.58333333333,374.855072222222
"10",2011.66666666667,647.109915972222
"11",2011.75,809.434403472221
"12",2011.83333333333,861.486449305555
"13",2011.91666666667,1014.1542625
